,id,title,price,discount_price,description,image,stock,available,created_time,category_id,format_id,rating_id,publishDate,availability_id,details,trailer,digital,updated_time,cost,description_zh,details_zh,AVG(score),product_id,COUNT(score)
0,1,Twinkle Twinkle Little Star An,39.99,,"## DESCRIPTION
Twinkle Twinkle Little Star is a wonderful collection of children's favourites, including classics such as ""Wheels on the Bus"", If you're Happy and you Know it"", ""Punchinello"", ""Thumberlina"" and of course the very popular ""Twinkle Twinkle Little Star"". R

## TRACKS

#### DISC 1

Twinkle, Twinkle Little Star

Punchinello

The Wheels On The Bus

Thumbelina

Yankee Doodle

Boys & Girls Come Out To Play

Five Little Ducks

Nicky Nacky Nocky Noo

Incy Wincy Spider

Little Boy Blue

Old King Cole

I Scream, You Scream, We All Scream For Ice Cream

Old Macdonald Had A Farm

Three Little Kittens

Humpty Dumpty

Baby Elephant Walk

Where, Oh Where, Has My Little Dog Gone

If You're Happy & You Know It

I Had A Little Nut Tree

Simple Simon

Sally Go Round The Sun

Little Miss Muffet

It's Raining, It's Pouring

For He's A Jolly Good Fellow

Diddle Diddle Dumpling

Frere Jacques

10 Little Indians

Please Pudding Hot

Shoo Fly

A Sailor Went To Sea

London's Burning

Miss Polly Had A Dolly",products/2021/11/02/1.png,100,1,2021-11-01 15:38:19.395432,23,8,3,2007-04-04,2,"Title: Twinkle Twinkle Little Star An

Format: CD

Release Date: 04 Apr 2007

Actor(s): Various Artists

Sku: 2195516

Catalogue No: R-301362-2

Category: Education",https://youtu.be/yCjJyiqpAuU,0,2021-11-02 16:20:03.336488,15.00,,,4.0,1,1
1,2,"Commuter | Blu-ray + UHD, The",17.00,,"### Commuter, The UHD/UV

Lives Are On The Line

In this action-packed thriller, Liam Neeson plays an insurance salesman, Michael, on his daily commute home, which quickly becomes anything but routine. After being contacted by a mysterious stranger, Michael is forced to uncover the identity of a hidden passenger on his train before the last stop. As he works against the clock to solve the puzzle, he realizes a deadly plan is unfolding and is unwittingly caught up in a criminal conspiracy. One that carries life and death stakes for himself and his fellow passengers.",products/2021/11/02/2.png,100,1,2021-11-01 15:42:23.480889,2,7,7,2018-03-09,1,"Title: Commuter | Blu-ray + UHD, The

Format: UHD UV

Release Date: 09 May 2018

Actor(s): Liam Neeson, Vera Farmiga, Patrick Wilson, Jonathan Banks, Sam Neill, Elizabeth McGovern, Killian Scott, Shazad Latif, Andy Nyman, Clara Lago, Roland Møller, Florence Pugh, Dean-Charles Chapman, Ella-Rae Smith, Nila Aalia

Sku: 2369014

Catalogue No: BDUHDJ4349

Category: Action

Disc Count: 2

Aspect Ratio: 1.85:1

OFLC Rating: M

Run Time: 105

Transfer Format: 1080P HD, 16:9 Enhanced, Full Height Anamorphic, Widescreen

Video Format: PAL

Primary Audio: Dolby Atmos

Language: English, Dolby Atmos

Subtitles: English for the Hearing Impaired

Region Code: B

OFLC Advice: Coarse Language, Mature Themes And Violence

Dubbed Languages: English, Dolby Atmos

Director(s): Jaume Collet-Serra

Genre: Action/Adventure, Action, Mystery, Thriller",https://youtu.be/aDshY43Ol2U,0,2021-11-02 16:20:03.336488,10.00,,,7.3,2,1
2,3,Spider-Man - Homecoming,24.99,20.00,"Homework can wait. The city can't.

Spider-Man [Tom Holland] begins to navigate his new identity as the web-slinging super hero under the watchful eye of his mentor Tony Stark. Following the events of Captain America: Civil War, Peter Parker, with the help of his mentor Tony Stark, tries to balance his life as an ordinary high school student in Queens, New York City, with fighting crime as his superhero alter ego Spider-Man as a new threat, the Vulture, emerges.",products/2021/11/02/3.png,100,1,2021-11-01 15:45:16.147721,2,7,7,2017-10-18,1,"Title: Spider-Man - Homecoming

Format: UHD UV

Release Date: 18 Oct 2017

Actor(s): Tom Holland, Michael Keaton, Robert Downey Jr., Marisa Tomei, Jon Favreau, Gwyneth Paltrow, Zendaya, Donald Glover, Jacob Batalon, Laura Harrier, Tony Revolori, Bokeem Woodbine, Tyne Daly, Abraham Attah, Hannibal Buress

Sku: 2345438

Catalogue No: BDUHDH2291

Category: Action

Disc Count: 2

Aspect Ratio: 2.40:1

OFLC Rating: M

Run Time: 133

Transfer Format: 1080P HD, 16:9 Enhanced, 2160P, Full Height Anamorphic, Widescreen

Video Format: PAL

Primary Audio: Dolby Atmos

Language: English, Dolby Atmos, German, Dolby Atmos, Japanese, Dolby Atmos

Subtitles: English, English Audio Commentary, English for the Hearing Impaired, German, Japanese, Turkish

Region Code: A,B,C

OFLC Advice: Action Violence

Director(s): Jon Watts

Genre: Action/Adventure, Science Fiction",https://youtu.be/n9DwoQ7HWvI,0,2021-11-02 16:20:03.336488,12.00,,,8.5,3,1
3,4,Earth - One Amazing Day,17.00,15.00,"## Earth - One Amazing Day UHD / Blu-Ray

One Day. One Planet. Infinite Wonders. The sequel to BBC's Earth: The Movie. Directed by Academy Award nominee Peter Webber (The Girl with the Pearl Earring) and Richard Dale (The Human Body).",products/2021/11/02/4.png,50,1,2021-11-01 15:49:16.551770,8,6,8,2018-03-28,1,"Title: Earth - One Amazing Day

Format: UHD/BR

Release Date: 28 Mar 2018

Actor(s): Robert Redford, Jackie Chan

Sku: 2364962

Catalogue No: BDUHDJ5286

Category: Documentary

Disc Count: 2

Aspect Ratio: 1.78:1

OFLC Rating: G

Run Time: 95

Transfer Format: 16:9 Enhanced, Widescreen, 1080P HD

Video Format: PAL

Primary Audio: Dolby Atmos

Language: English, Dolby Atmos, Mandarin, Dolby Atmos

Subtitles: Bulgarian, Danish, English, Finnish, Greek, Mandarin, Norwegian, Spanish, Swedish

Region Code: B

OFLC Advice: General Exhibition

Dubbed Languages: English, Dolby Atmos, Mandarin, Dolby Atmos

Director(s): Richard Dale, Lixin Fan

Genre: Special Interest, Family",https://youtu.be/LlmNg-27MrU,0,2021-11-02 16:20:03.336488,8.00,,,9.3,4,1
4,5,Jurassic Park / Jurassic Park - The Lost World / Jurassic Park III / Jurassic World / Jurassic World,129.99,114.99,"## Jurassic Park 1-5 UHD/Blu-Ray

#### Contains:
1. Jurassic Park
2. Jurassic Park - The Lost World
3. Jurassic Park III
4. Jurassic World
5. Jurassic World - Fallen Kingdom",products/2021/11/02/5.png,20,1,2021-11-01 15:52:33.924726,2,6,7,2018-09-26,1,"Title: Jurassic Park / Jurassic Park - The Lost World / Jurassic Park III / Jurassic World / Jurassic World

Format: UHD/BR

Release Date: 26 Sep 2018

Actor(s): Chris Pratt, Bryce Dallas Howard

Sku: 2379072

Catalogue No: BDUHDPD89847

Category: Action

Disc Count: 10

Aspect Ratio: 16:9

OFLC Rating: M

Transfer Format: 1080P HD

Video Format: PAL

Primary Audio: DTS-X

Language: English, DTS-X

Region Code: B

OFLC Advice: Violence

Genre: Action/Adventure, Action, Science Fiction",,0,2021-11-02 16:20:03.336488,40.00,,,6.6,5,1
5,6,Spirited Away - 20th Anniversary Edition - Limited Edition | Blu-ray + DVD,39.99,,"In a place that doesn't exist - something impossible happens.

Hayao Miyazakis Academy Award-winning masterpiece returns in celebration of its 20th Anniversary. Chihiro thinks she is on another boring trip with her parents. But when they stop at a village that is not all that it seems, her parents undergo a mysterious transformation, and Chihiro is whisked into a world of fantastic spirits, shape-shifting dragons and a witch who never wants to see her leave. She must call on the courage she never knew she had to free herself and return her family to the outside world. The second biggest box office hit of all time in Japan, Spirited Away helped redefine the possibilities of animation for Western audiences and a generation of new filmmakers. Combining Japanese mythology with Alice in Wonderland-type whimsy, Spirited Away cemented Miyazakis reputation as an icon of animation and storytelling.",products/2021/11/02/6.png,50,1,2021-11-01 15:56:19.005055,13,5,4,2021-11-02,1,"Title: Spirited Away - 20th Anniversary Edition - Limited Edition | Blu-ray + DVD

Format: Blu-ray/DVD

Release Date: 03 Nov 2021

Actor(s): Rumi Hiiragi, Miyu Irino, Mari Natsuki, Takashi Naitô, Yasuko Sawaguchi, Tatsuya Gashûin, Yumi Tamai, Yo Oizumi, Koba Hayashi, Tsunehiko Kamij, Takehiko Ono, Ryunosuke Kamiki, Bunta Sugawara, Akio Nakamura, Ken Yasuda, Shiro Saito, Michiko Yamamoto,

Sku: 2651058

Catalogue No: MMA3006BR20

Category: Anime

Disc Count: 2

Aspect Ratio: 16:9

OFLC Rating: PG

Run Time: 125

Transfer Format: 16:9 Enhanced, Widescreen, 1080P HD

Video Format: NTSC

Primary Audio: Dolby Digital

Language: English, Dolby Digital, Japanese, Dolby Digital

Subtitles: English

Region Code: 4,B

OFLC Advice: Supernatural Themes

Dubbed Languages: English, Dolby Digital, Japanese, Dolby Digital

Director(s): Hayao Miyazaki

Genre: Children & Family, Animated",https://youtu.be/0YjtfKDL3TM,0,2021-11-02 16:20:03.336488,20.00,,,5.2,6,1
6,7,My Hero Academia - Two Heroes,39.99,,"Deku and his friends take on a daring rescue operation when villains hack into I-Expo-the world's leading hero item exhibition. All Might is trapped by their sinister plan, and his best hope for saving everyone lies in the new generation of heroes.",products/2021/11/02/7.png,100,1,2021-11-01 15:59:03.651936,13,5,7,2019-03-08,1,"Title: My Hero Academia - Two Heroes

Format: Blu-ray/DVD

Release Date: 08 May 2019

Actor(s): Anime

Sku: 2613083

Catalogue No: FN-02119MMY

Category: Anime",https://youtu.be/eU7FlWNWr8o,0,2021-11-02 16:20:03.336488,10.00,,,4.8,7,1
7,8,Trolls World Tour | 3D + 2D Blu-ray,24.99,20.00,"## Trolls World Tour Blu-Ray 3D
 

When the Queen of the Hard Rock Trolls tries to take over all the Troll kingdoms, Queen Poppy and her friends try different ways to save all the Trolls.",products/2021/11/02/8.png,100,1,2021-11-01 16:01:54.657420,9,4,8,2020-11-02,1,"Title: Trolls World Tour | 3D + 2D Blu-ray

Format: Blu-ray 3D

Release Date: 09 Dec 2020

Actor(s): Anna Kendrick, Justin Timberlake, Rachel Bloom, James Corden, Ron Funches, Kelly Clarkson, Anderson .Paak, Sam Rockwell, George Clinton, Mary J. Blige, Kenan Thompson, Kunal Nayyar, Caroline Hjelt, Aino Jawo, J Balvin

Sku: 2602225

Catalogue No: B3DL6588

Category: Animated

Disc Count: 2

Aspect Ratio: 2.35:1

OFLC Rating: G

Run Time: 90

Transfer Format: 16:9 Enhanced, Widescreen, 1080P HD, Full Height Anamorphic

Video Format: PAL

Primary Audio: Dolby Atmos

Language: Dutch, Dolby Atmos, English, Dolby Atmos, Flemish, Dolby Atmos, French, Dolby Atmos, Hindi, Dolby Atmos, Mandarin, Dolby Atmos, Portuguese, Dolby Atmos, Spanish, Dolby Atmos

Subtitles: Dutch, English for the Hearing Impaired, French, Hindi, Mandarin, Portuguese, Spanish

Region Code: B

OFLC Advice: Coarse Language And Violence, Crude Humour, Very Mild Themes

Dubbed Languages: Dutch, Dolby Atmos, English, Dolby Atmos, Flemish, Dolby Atmos, French, Dolby Atmos, Hindi, Dolby Atmos, Mandarin, Dolby Atmos, Portuguese, Dolby Atmos, Spanish, Dolby Atmos

Director(s): Walt Dohrn, David P. Smith

Genre: Children & Family, Animated, Animation, Comedy, Family, Fantasy, Musical",https://www.youtube.com/watch?v=yP86-TR6IME,0,2021-11-02 16:20:03.336488,15.00,,,3.9,8,1
8,9,Wonder Woman,14.99,,"##  Wonder Woman on 3D Blu-ray
 

Power. Grace. Wisdom. Wonder.

Before she was Wonder Woman, she was Diana, princess of the Amazons, trained to be an unconquerable warrior. Raised on a sheltered island paradise, when an American pilot crashes on their shores and tells of a massive conflict raging in the outside world, Diana leaves her home, convinced she can stop the threat. Fighting alongside man in a war to end all wars, Diana will discover her full powers - and her true destiny.",products/2021/11/02/9.png,100,1,2021-11-01 16:03:55.975158,2,4,7,2017-09-02,1,"Title: Wonder Woman

Format: Blu-ray 3D

Release Date: 20 Sep 2017

Actor(s): Gal Gadot, Chris Pine, Connie Nielsen, Robin Wright, Danny Huston, David Thewlis, Saïd Taghmaoui, Ewen Bremner, Eugene Brave Rock, Lucy Davis, Elena Anaya, Lilly Aspell, Lisa Loven Kongsli, Ann Wolfe, Ann Ogbomo

Sku: 2345696

Catalogue No: R-126740-8

Category: Action

Disc Count: 2

Aspect Ratio: 2.35:1

OFLC Rating: M

Run Time: 140

Transfer Format: 16:9 Enhanced, Widescreen, 1080P HD, Full Height Anamorphic

Video Format: PAL

Primary Audio: Dolby Atmos

Language: English, Dolby Atmos

Region Code: B

Genre: Action/Adventure, Fantasy, Science Fiction",https://www.youtube.com/watch?v=1Q8fG0TtVAY,0,2021-11-02 16:20:03.336488,10.00,,,2.6,9,1
9,10,Hover over image to zoom  Jungle Cruise | Blu-ray + UHD,39.99,,"## Jungle Cruise 4K UHD
 

Join fan favourites Dwayne Johnson and Emily Blunt for the adventure of a lifetime on Disneys Jungle Cruise, a rollicking thrill-ride down the Amazon with wisecracking skipper Frank Wolff and intrepid researcher Dr. Lily Houghton. Lily travels from London, England to the Amazon jungle and enlists Franks questionable services to guide her downriver on La Quilahis ramshackle-but-charming boat. Lily is determined to uncover an ancient tree with unparalleled healing abilitiespossessing the power to change the future of medicine. Thrust on this epic quest together, the unlikely duo encounters innumerable dangers and supernatural forces, all lurking in the deceptive beauty of the lush rainforest. But as the secrets of the lost tree unfold, the stakes reach even higher for Lily and Frank and their fateand mankindshangs in the balance.",products/2021/11/02/10.png,100,1,2021-11-01 16:10:41.359032,3,3,7,2021-10-06,1,"Title: Jungle Cruise | Blu-ray + UHD

Format: UHD

Release Date: 06 Oct 2021

Actor(s): Dwayne Johnson, Emily Blunt, Edgar Ramírez, Jack Whitehall, Jesse Plemons, Paul Giamatti, Dani Rovira, Sulem Calderon, Veronica Falcón

Sku: 2648203

Catalogue No: K36328

Category: Comedy

Disc Count: 2

Aspect Ratio: 2.40:1

OFLC Rating: M

Run Time: 127

Transfer Format: 16:9 Enhanced, Widescreen, 1080P HD, 2160P, Full Height Anamorphic

Video Format: PAL

Primary Audio: Dolby Atmos

Language: English, Dolby Atmos

Region Code: B

OFLC Advice: Fantasy Themes And Violence

Director(s): Jaume Collet-Serra

Genre: Action/Adventure, Action, Adventure, Comedy",https://www.youtube.com/watch?v=f_HvoipFcA8&t=24s,0,2021-11-02 16:20:03.336488,12.00,,,1.7,10,1
10,11,A Clockwork Orange | Blu-ray + UHD,29.99,,"Being the adventures of a young man ... who couldn't resist pretty girls ... or a bit of the old ultra-violence ... went to jail, was re-conditioned .

Being the adventures of a young man...who loved a bit of the old ultra-violence...went to jail, was brainwashed...and came out cured...or was he? In a futuristic welfare state, Alex, a vicious young hoodlum, sleeps all day and spends his nights roaming the city with his droogs (friends), assaulting innocent people in the streets and in their homes. Finally captured by the police, Alex undergoes rehabilitation in the form of aversion therapy as brutal and horrifying as any of his offenses.",products/2021/11/02/11.png,100,1,2021-11-01 16:13:25.259166,1,3,2,2021-09-22,1,"Title: A Clockwork Orange | Blu-ray + UHD

Format: UHD

Release Date: 22 Sep 2021

Actor(s): Malcolm McDowell, Patrick Magee, Adrienne Corri, Michael Bates, Miriam Karlin, Warren Clarke, John Clive, Carl Duering, Paul Farrell, Clive Francis, Michael Gover, James Marcus, Aubrey Morris, Godfrey Quigley, Sheila Raynor, Madge Ryan, John Savident

Sku: 2645445

Catalogue No: R-129203-8

Category: Drama

Disc Count: 2

Aspect Ratio: 16:9

OFLC Rating: R18+

Transfer Format: 16:9 Enhanced, Widescreen, 2160P, 1080P HD

Video Format: PAL

Primary Audio: Dolby Digital

Language: English, Dolby Digital

Region Code: B

OFLC Advice: High Level Violence

Production Studio: Warner

Dubbed Languages: English, Dolby Digital

Director(s): Stanley Kubrick

Genre: Drama,",,0,2021-11-02 16:20:03.336488,10.00,,,9.6,11,1
11,12,Jingle All The Way,8.99,,"##  Jingle All The Way DVD
 

Two Dads, One Toy, No Prisoners.

Arnold Schwarzenegger stars in this hilarious holiday comedy as a father desperate to buy that must-have Christmas toy during a frantic last-minute shopping spree on Christmas eve. Howard Langston (Schwarzenegger) has promised his young son a Turbo Man action figure for Christmas, unaware it's the season's hottest-selling toy. And so begins a frenzied quest that pits Howard against a stressed-out mailman (Sinbad), a sleazy Santa impersonator (James Belushi) and every other harried parent in town, in the best holiday family film in years.",products/2021/11/02/12.png,100,1,2021-11-01 16:16:30.758136,3,1,4,2018-11-02,1,"Title: Jingle All The Way

Format: DVD

Release Date: 17 Oct 2018

Actor(s): Arnold Schwarzenegger, Sinbad, Phil Hartman

Sku: 2394932

Catalogue No: 95942SDG

Category: Comedy

Disc Count: 1

Aspect Ratio: 16:9

OFLC Rating: PG

Run Time: 86

Transfer Format: 16:9 Enhanced, Widescreen

Video Format: PAL

Primary Audio: Dolby Digital

Language: English, Dolby Digital

Region Code: 4

OFLC Advice: Low Level Violence

Director(s): Brian Levant

Genre: Comedy,",https://www.youtube.com/watch?v=jhJYMEzQA-Q,0,2021-11-02 16:20:03.336488,13.00,,,10.0,12,1
12,13,"Beatles - Eight Days A Week - The Touring Years, The",8.99,,"The band you know. The story you don't.

The Beatles: Eight Days A Week - The Touring Years is based on the first part of The Beatles career (1962-1966) the period in which they toured and captured the worlds acclaim. Ron Howards film will explore how John Lennon, Paul McCartney, George Harrison and Ringo Starr came together to become this extraordinary phenomenon, The Beatles. It will explore their inner workings how they made decisions, created their music and built their collective career together all the while, exploring The Beatles extraordinary and unique musical gifts and their remarkable, complementary personalities. The film will focus on the time period from the early Beatles journey in the days of The Cavern Club in Liverpool to their last concert at Candlestick Park in San Francisco in 1966.",products/2021/11/02/13.png,50,1,2021-11-01 16:18:47.170948,8,1,7,2016-12-07,1,"Title: Beatles - Eight Days A Week - The Touring Years, The

Format: DVD

Release Date: 07 Dec 2016

Actor(s): Paul McCartney, Ringo Starr, John Lennon, George Harrison, The Beatles, Larry Kane, Whoopi Goldberg, Elvis Costello, Eddie Izzard, Sigourney Weaver, Neil Aspinall, Richard Lester, Kitty Oliver, Howard Goodall, Jon Savage

Sku: 2324166

Catalogue No: DAI2901

Category: Documentary

Disc Count: 1

Aspect Ratio: 1.85:1

OFLC Rating: M

Run Time: 106

Transfer Format: Full Height Anamorphic, 16:9 Enhanced, Widescreen

Video Format: PAL

Primary Audio: Dolby Digital

Language: English, Dolby Digital

Subtitles: English for the Hearing Impaired

Region Code: 4

OFLC Advice: Coarse Language

Director(s): Ron Howard

Genre: Special Interest, Music",https://www.youtube.com/watch?v=0fFyZzqPDws,0,2021-11-02 16:20:03.336488,10.00,,,8.8,13,1
13,15,Spiral,21.99,20.00,"### Spiral Blu-Ray
 
A sadistic mastermind unleashes a twisted form of justice in SPIRAL, the terrifying new chapter from the book of SAW. Working in the shadow of an esteemed police veteran (Samuel L. Jackson), brash Detective Ezekiel 'Zeke' Banks (Chris Rock) and his rookie partner (Max Minghella) take charge of a grisly investigation into murders that are eerily reminiscent of the city's gruesome past. Unwittingly entrapped in a deepening mystery, Zeke finds himself at the center of the killer's morbid game. SPIRAL stars Chris Rock, Max Minghella, Marisol Nichols, and Samuel L. Jackson, and is produced by the original SAW team of Mark Burg and Oren Koules. The film is directed by Darren Lynn Bousman and written by Josh Stolberg & Pete Goldfinger.",products/2021/11/02/14.png,200,1,2021-11-01 16:26:15.099850,6,2,2,2021-08-02,1,"Title: Spiral

Format: Blu-ray

Release Date: 25 Aug 2021

Actor(s): Morgan David Jones, Samuel L. Jackson, Ali Johnson, Dan Petronijevic, Chris Rock, Richard Zeppieri, Edie Inksetter, Leila Leigh, Max Minghella, Christopher Tai, John Tokatlidis, Genelle Williams, Leonidas Castrounis, K.C. Collins, Marisol Nichols

Sku: 2633499

Catalogue No: BDL7340

Category: Horror

Disc Count: 1

Aspect Ratio: 2.40:1

OFLC Rating: R18+

Run Time: 93

Transfer Format: 16:9 Enhanced, Widescreen, 1080P HD, Full Height Anamorphic

Video Format: PAL

Primary Audio: DTS 5.1 HD

Language: English, DTS 5.1 HD

Subtitles: English for the Hearing Impaired

Region Code: B

OFLC Advice: Blood And Gore, High Impact Violence

Dubbed Languages: English, DTS 5.1 HD

Director(s): Darren Lynn Bousman

Genre: Horror/Sci-Fi, Crime, Horror, Mystery, Thriller",,0,2021-11-02 16:20:03.336488,10.00,,,7.2,15,1
14,16,Till Death,14.99,,"## Till Death Blu-Ray
 

 


### Survival is the best revenge

Till Death tells the story of Emma, who is left handcuffed to her dead husband as part of a sickening revenge plot and must survive two hired killers on their way to finish the job.",products/2021/11/02/15.png,100,1,2021-11-01 16:28:43.939469,6,2,5,2021-08-04,1,"Title: Till Death

Format: Blu-ray

Release Date: 04 Aug 2021

Actor(s): Megan Fox, Callan Mulvey, Eoin Macken, Aml Ameen, Lili Rich, Jack Roth, Teodora Djuric, Stefanie Rozhko

Sku: 2633193

Catalogue No: DEF2911

Category: Horror

Disc Count: 1

Aspect Ratio: 16:9

OFLC Rating: MA15+

Run Time: 94

Transfer Format: 16:9 Enhanced, Widescreen, 1080P HD

Video Format: PAL

Primary Audio: Dolby Digital 5.1

Language: English, Dolby Digital 5.1

Region Code: B

OFLC Advice: Bloody Violence, Injury Detail, Strong Themes And Coarse Language

Dubbed Languages: English, Dolby Digital 5.1

Director(s): S.K. Dale

Genre: Thriller, Horror",https://www.youtube.com/watch?v=Wfmb1-UEpW4,0,2021-11-02 16:20:03.336488,10.00,,,6.1,16,1
15,17,THE SPONGEBOB SQUAREPANTS MOVIE / SPONGE OUT OF WATER / SPONGE ON THE RUN,30.99,26.97,"THE SPONGEBOB SQUAREPANTS MOVIE: Undersea oddball SpongeBob SquarePants and his starfish friend, Patrick, embark on a quest to clear the name of Mr Krabs, the owner of the Krusty Krab restaurant, who has been framed for stealing the crown of ocean deity King Neptune. Leaving the familiar confines of Bikini Bottom, SpongeBob and Patrick venture out towards Shell City, where they hope to find Neptune's crown, but numerous obstacles stand (or float) in their way.

THE SPONGEBOB SQUAREPANTS: SPONGE OUT OF WATER: Life is dandy in Bikini Bottom for SpongeBob SquarePants (Tom Kenny) and his friends Patrick (Bill Fagerbakke), Squidward (Rodger Bumpass), Mr Krabs (Clancy Brown) and Sandy (Carolyn Lawrence). However, when the top-secret recipe for Krabby Patties is stolen, SpongeBob finds that he must join forces with perpetual adversary Plankton (Mr Lawrence) and come ashore to battle a fiendish pirate named Burger Beard (Antonio Banderas), who has his own plans for the delicious delicacies.

THE SPONGEBOB SQUAREPANTS: SPONGE ON THE RUN: When SpongeBob SquarePants's beloved pet snail Gary goes missing, a path of clues leads SpongeBob and Patrick to the powerful King Poseidon, who has Gary held captive in the Lost City of Atlantic City. On their mission to save Gary, SpongeBob and his pals team up for a heroic and hilarious journey where they discover nothing is stronger than the power of friendship.",products/2021/11/03/3-m.png,100,1,2021-11-02 12:05:26.016469,9,1,4,2021-11-02,1,"DISTRIBUTOR
Paramount
ORIGINAL YEAR OF RELEASE
2021
COUNTRY OF ORIGIN
USA
RUN TIME (MINUTES)
263
LANGUAGE
Various Languages English
SUBTITLE LANGUAGE
Various Subtitles English
AUDIO FORMAT
5.1 Surround Dolby Digital 5.1
ASPECT RATIO
1.78:1 16:9 Widescreen 1.85:1 16:9 Widescreen
DVD REGION
4 2 1
NUMBER OF DISCS
3
VIDEO FORMAT
NTSC",,0,2021-11-02 16:20:03.336488,10.00,,,5.7,17,1
16,18,DON'T BREATHE 2 / DON'T BREATHE,40.00,34.97,"DON'T BREATHE: Rocky (Jane Levy), Alex and Money are three Detroit thieves who get their kicks by breaking into the houses of wealthy people. Money gets word about a blind veteran who won a major cash settlement following the death of his only child. Figuring he's an easy target, the trio invades the man's secluded home in an abandoned neighbourhood. Finding themselves trapped inside, the young intruders must fight for their lives after making a shocking discovery about their supposedly helpless victim.

DON'T BREATHE 2: Norman Nordstrom (Stephen Lang) has been hiding out for several years in an isolated cabin. He lives with a young girl and has recreated the family stolen from him by a drunk driver. Their quiet life together is shattered when a group of unseemly criminals kidnap her. Norman is forced to tap into even darker and more creative instincts in an effort to save her.",products/2021/11/03/breathe.png,200,1,2021-11-02 12:12:37.854248,6,1,5,2021-11-02,1,"DISTRIBUTOR
Sony Pictures Home Entertainment
ORIGINAL YEAR OF RELEASE
2021
COUNTRY OF ORIGIN
USA,Serbia
RUN TIME (MINUTES)
179
LANGUAGE
Various Languages Spanish English
SUBTITLE LANGUAGE
English Captions Descriptive Subtitles For The Hearing Impaired English Audio Description: (Descriptive Narration) Various Subtitles Slovene Serbian Slovak Romanian Icelandic Polish Croatian Czech Bulgarian Portuguese Spanish Turkish Hebrew Greek English
AUDIO FORMAT
Dolby Surround Dolby Digital 5.1
ASPECT RATIO
2.40:1 anamorphic Widescreen
DVD REGION
5 4 2
NUMBER OF DISCS
2
VIDEO FORMAT
PAL",,0,2021-11-02 16:20:03.336488,10.00,,,4.4,18,1
17,19,BONES: SEASON 12,23.00,19.97,"One of television's most beloved crime series draws to a close with even more suspense, fun and sexiness than ever. Brennan's (Emily Deschanel) uncanny forensic skills help resolve even grislier cases, including a retirement home murder, a possible death by robot and slaying of a close friend. Along the way, family tragedy strikes and Booth lands in the cross-hairs of a serial killer. And former Jeffersonian accused of murder kidnaps Brennan, prompting a shocking move by Booth.

The fascinating story-lines, heart and humour of Bones is here in all 12 episodes of the final season which includes appearances by celebrated guest star Ryan O'Neal, Betty White and Ed Asner.",products/2021/11/03/BONES-_SEASON_12.png,1000,1,2021-11-02 12:17:14.342639,1,1,5,2021-11-02,1,"DISTRIBUTOR
20th Century Fox
ORIGINAL YEAR OF RELEASE
2017
COUNTRY OF ORIGIN
USA
RUN TIME (MINUTES)
492
LANGUAGE
English Captions Descriptive Subtitles For The Hearing Imparied Castilian Spanish English
SUBTITLE LANGUAGE
Castilian Spanish Swedish Norwegian Finnish Danish Dutch
AUDIO FORMAT
Dolby Digital 5.1
ASPECT RATIO
1.78:1 16:9 Widescreen
VIDEO FORMAT
PAL
DVD REGION
4
NUMBER OF DISCS
3
DIMENSIONS
136 x 191 x 15 mm",,1,2021-11-02 16:20:03.336488,10.00,,,4.1,19,1
18,20,Harry Potter and the Deathly Hallows – Part 2 8,64.99,,"Harry Potter - The Complete Collection DVD
 

 


Contains 16 discs:
1. Harry Potter and the Philosopher's Stone
2. Harry Potter and the Chamber of Secrets
3. Harry Potter And The Prisoner Of Azkaban
4. Harry Potter And The Goblet Of Fire
5. Harry Potter And The Order Of The Phoenix
6. Harry Potter And The Half-Blood Prince
7. Harry Potter And The Deathly Hallows : Part 1
8. Harry Potter And The Deathly Hallows : Part 2
9. Harry Potter And The Deathly Hallows : Part 1 - Extra Content
10. Harry Potter And The Deathly Hallows : Part 2 - Extra Content",products/2021/11/02/harrypotter8.png,100,1,2021-11-02 12:23:17.973857,17,1,4,2021-11-02,1,"Title: Harry Potter - Limited Edition | Collection - 8 Film

Format: DVD

Release Date: 02 Nov 2016

Actor(s): Daniel Radcliffe, Emma Watson, Rupert Grint

Sku: 2319155

Catalogue No: R-123529-9

Category: Fantasy

Disc Count: 16

Aspect Ratio: 2.35:1

OFLC Rating: M

Run Time: 1129

Transfer Format: 16:9 Enhanced, Widescreen, Full Height Anamorphic

Video Format: PAL

Primary Audio: Dolby Digital

Language: English, Dolby Digital

Subtitles: English for the Hearing Impaired

Region Code: 4

OFLC Advice: Fantasy Themes, Fantasy Violence

Production Studio: Warner

Dubbed Languages: Warner

Genre: Action/Adventure, Drama, Fantasy, Science Fiction",https://youtu.be/5NYt1qirBWg,0,2021-11-02 16:20:03.336488,15.00,,,3.2,20,1
19,21,JASPER JONES,30.00,24.97,"In the dead of night during the scorching summer of 1969, Charlie is startled when he is woken by local mixed-race outcast Jasper Jones outside his window. Jasper leads him deep into the forest and shows him something that will change his life forever, setting them both on a dangerous journey to solve a mystery that will consume the entire community.

In an isolated town where secrecy, gossip and tragedy overwhelm the landscape, Charlie faces family breakdown, finds his first love, and discovers what it means be truly courageous.",products/2021/11/03/JASPER_JONES.png,50,1,2021-11-02 12:30:20.188432,7,1,7,2021-11-02,1,"DISTRIBUTOR
Madman Entertainment
ORIGINAL YEAR OF RELEASE
2017
COUNTRY OF ORIGIN
Australia
RUN TIME (MINUTES)
98
LANGUAGE
English Captions Descriptive Subtitles For The Hearing Imparied English
SUBTITLE LANGUAGE
None
AUDIO FORMAT
Dolby Digital 5.1 & 2.0
ASPECT RATIO
2.35:1 16:9 Anamorphic Widescreen
VIDEO FORMAT
PAL
DVD REGION
4
NUMBER OF DISCS
1
DIMENSIONS
136 x 191 x 15 mm",,1,2021-11-02 16:20:03.336488,10.00,,,4.5,21,3
20,22,OLD,24.00,19.97,"A family on a tropical holiday discover that the secluded beach they are relaxing for a few hours, is somehow causing them to age rapidly...reducing their entire lives into a single day.",products/2021/11/03/old.png,256,1,2021-11-02 12:33:48.725490,6,1,7,2021-11-02,1,"DISTRIBUTOR
Universal
ORIGINAL YEAR OF RELEASE
2021
COUNTRY OF ORIGIN
USA
RUN TIME (MINUTES)
104
LANGUAGE
English
SUBTITLE LANGUAGE
English Captions Descriptive Subtitles For The Hearing Impaired English Audio Description: (Descriptive Narration)
AUDIO FORMAT
Dolby Digital 2.0 (DVS) Dolby Digital 5.1
ASPECT RATIO
2.39:1 Anamorphic Widescreen
VIDEO FORMAT
PAL
DVD REGION
4 2
NUMBER OF DISCS
1
DIMENSIONS
136 x 191 x 15 mm",,1,2021-11-02 16:20:03.336488,10.00,,,7.0,22,1
21,23,Harry Potter and the Deathly Hallows - Part 1 7,64.99,,"Contains 16 discs:
1. Harry Potter and the Philosopher's Stone
2. Harry Potter and the Chamber of Secrets
3. Harry Potter And The Prisoner Of Azkaban
4. Harry Potter And The Goblet Of Fire
5. Harry Potter And The Order Of The Phoenix
6. Harry Potter And The Half-Blood Prince
7. Harry Potter And The Deathly Hallows : Part 1
8. Harry Potter And The Deathly Hallows : Part 2
9. Harry Potter And The Deathly Hallows : Part 1 - Extra Content
10. Harry Potter And The Deathly Hallows : Part 2 - Extra Content",products/2021/11/02/harry_potter7.png,100,1,2021-11-02 12:33:51.031217,17,1,4,2021-11-02,4,"Language ‏ : ‎ English
Product Dimensions ‏ : ‎ 1.4 x 13.5 x 17 cm; 80 Grams
Item Model Number ‏ : ‎ R-123527-9
Director ‏ : ‎ David Yates
Media Format ‏ : ‎ Subtitled
Run time ‏ : ‎ 2 hours and 20 minutes
Release date ‏ : ‎ 2 November 2016
Actors ‏ : ‎ Emma Watson, Rupert Grint, Daniel Radcliffe, Brendan Gleeson, Rhys Ifans
Language ‏ : ‎ English (Dolby Digital 2.0)
Studio ‏ : ‎ Roadshow
ASIN ‏ : ‎ B0776K6RHY
Country of origin ‏ : ‎ Australia
Number of discs ‏ : ‎ 2
Best Sellers Rank: 8,438 in Movies & TV (See Top 100 in Movies & TV)
6,531 in Movies (Movies & TV)",https://youtu.be/MxqsmsA8y5k,0,2021-11-02 16:20:03.336488,10.00,,,1.0,23,1
22,24,AFL: PREMIERS 2010 - COLLINGWOOD,29.00,19.97,"The win over St Kilda came 44 years after the Saints had deprived Collingwood of the 1966 Premiership by a point. After the gripping excitement of the draw this was a replay that once again established the Magpies as the best team in the AFL.

Now on DVD the Toyota AFL Grand Final in full--Collingwood the 2010 Premiers.

This year the Grand Final DVD also contains not only our famous alternative commentaries, but extra bonus footage from the build-up to the replayed Grand Final, to really set the scene on this, the most famous of Australian sporting events.",products/2021/11/03/afl.png,235,1,2021-11-02 12:36:13.698383,10,1,9,2021-11-02,1,"DISTRIBUTOR
Beyond Home Entertainment
ORIGINAL YEAR OF RELEASE
2010
COUNTRY OF ORIGIN
Australia
RUN TIME (MINUTES)
130
LANGUAGE
English
SUBTITLE LANGUAGE
Not Specified
AUDIO FORMAT
Dolby Digital 2.0
ASPECT RATIO
16:9 Full Frame
VIDEO FORMAT
PAL
DVD REGION
All
NUMBER OF DISCS
1
DIMENSIONS
136 x 191 x 15 mm",,0,2021-11-02 16:20:03.336488,10.00,,,7.9,24,1
23,25,Harry Potter and the Half-Blood Prince 6,64.99,34.99,"Contains 16 discs:
1. Harry Potter and the Philosopher's Stone
2. Harry Potter and the Chamber of Secrets
3. Harry Potter And The Prisoner Of Azkaban
4. Harry Potter And The Goblet Of Fire
5. Harry Potter And The Order Of The Phoenix
6. Harry Potter And The Half-Blood Prince
7. Harry Potter And The Deathly Hallows : Part 1
8. Harry Potter And The Deathly Hallows : Part 2
9. Harry Potter And The Deathly Hallows : Part 1 - Extra Content
10. Harry Potter And The Deathly Hallows : Part 2 - Extra Content",products/2021/11/02/harry_potter6.png,100,1,2021-11-02 12:36:42.284657,17,1,4,2021-11-02,4,"Language ‏ : ‎ English
Product Dimensions ‏ : ‎ 1.4 x 13.5 x 17 cm; 80 Grams
Item Model Number ‏ : ‎ R-123526-9
Director ‏ : ‎ David Yates
Media Format ‏ : ‎ Subtitled
Run time ‏ : ‎ 2 hours and 27 minutes
Release date ‏ : ‎ 2 November 2016
Actors ‏ : ‎ Emma Watson, Rupert Grint, Daniel Radcliffe, Maggie Smith
Language ‏ : ‎ English (Dolby Digital 2.0)
Studio ‏ : ‎ Roadshow
ASIN ‏ : ‎ B0776K6TQB
Country of origin ‏ : ‎ Australia
Number of discs ‏ : ‎ 2
Best Sellers Rank: 6,566 in Movies & TV",https://youtu.be/tAiy66Xrsz4,0,2021-11-02 16:20:03.336488,10.00,,,5.0,25,1
24,27,SNAKE EYES: G.I. JOE ORIGINS,27.00,19.97,"An ancient Japanese clan called the Arashikage welcomes tenacious loner Snake Eyes after he saves the life of their heir apparent. Upon arrival in Japan, the Arashikage teach him the ways of the ninja warrior while also providing him something he's been longing for, a home. However, when secrets from Snake Eyes' past are revealed, his honour and allegiance get tested--even if that means losing the trust of those closest to him.",products/2021/11/03/nnnn.png,167,1,2021-11-02 12:38:50.176839,17,1,7,2021-11-02,1,"DISTRIBUTOR
Paramount
ORIGINAL YEAR OF RELEASE
2021
COUNTRY OF ORIGIN
USA
RUN TIME (MINUTES)
116
LANGUAGE
Castilian Spanish French Parisian Italian English
SUBTITLE LANGUAGE
English Captions Descriptive Subtitles For The Hearing Impaired English Audio Description: (Descriptive Narration) Castilian Spanish French Parisian Swedish Norwegian Finnish Danish Dutch Italian English
AUDIO FORMAT
5.1 Surround 2.0 Stereo
ASPECT RATIO
2.39:1 16:9 Letterbox
VIDEO FORMAT
PAL
DVD REGION
4
NUMBER OF DISCS
1
DIMENSIONS
136 x 191 x 15 mm
this is a test message",,0,2021-11-03 17:04:32.433068,10.00,,,6.9,27,1
25,28,Harry Potter and the Order of the Phoenix 5,18.60,,"Contains 16 discs:
1. Harry Potter and the Philosopher's Stone
2. Harry Potter and the Chamber of Secrets
3. Harry Potter And The Prisoner Of Azkaban
4. Harry Potter And The Goblet Of Fire
5. Harry Potter And The Order Of The Phoenix
6. Harry Potter And The Half-Blood Prince
7. Harry Potter And The Deathly Hallows : Part 1
8. Harry Potter And The Deathly Hallows : Part 2
9. Harry Potter And The Deathly Hallows : Part 1 - Extra Content
10. Harry Potter And The Deathly Hallows : Part 2 - Extra Content",products/2021/11/02/harry_potter5.png,100,1,2021-11-02 12:41:00.705115,17,1,4,2021-11-02,4,"Language ‏ : ‎ English
Product Dimensions ‏ : ‎ 1.4 x 13.5 x 17 cm; 80 Grams
Item Model Number ‏ : ‎ R-123525-9
Director ‏ : ‎ David Yates
Media Format ‏ : ‎ Subtitled
Run time ‏ : ‎ 2 hours and 12 minutes
Release date ‏ : ‎ 2 November 2016
Actors ‏ : ‎ Emma Watson, Rupert Grint, Daniel Radcliffe, Ralph Fiennes
Language ‏ : ‎ English (Dolby Digital 5.1)
Studio ‏ : ‎ Roadshow
ASIN ‏ : ‎ B077687P5Y
Country of origin ‏ : ‎ Australia
Number of discs ‏ : ‎ 2
Best Sellers Rank: 4,206 in Movies & TV (See Top 100 in Movies & TV)
3,278 in Movies (Movies & TV)",https://youtu.be/y6ZW7KXaXYk,0,2021-11-02 16:20:03.336488,10.00,,,5.2,28,1
26,29,A REFLECTION OF FEAR (IMPRINT),34.97,20.00,A disturbed young girl starts believing that there is something very sinister at work after her estranged father visits her at her mother and grandmother's house with the woman he plans to marry.,products/2021/11/04/rrr.jpeg,10,1,2021-11-02 12:51:41.088813,7,2,7,2021-11-02,1,"Madman Entertainment
ORIGINAL YEAR OF RELEASE
2021
COUNTRY OF ORIGIN
USA
RUN TIME (MINUTES)
89
LANGUAGE
English
NUMBER OF DISCS
1",https://youtu.be/tAfuxVeFQlk,0,2021-11-03 17:05:48.268015,12.00,,,8.5,29,2
27,30,3 MOVIE FRANCHISE PACK (SCREAM / SCREAM 2 / SCREAM 3),26.97,20.00,"SCREAM: A teenage girl (Neve Campbell) becomes the target of a killer who has stalked and killed one of her classmates. A tabloid news reporter (Courtney Cox) is determined to uncover the truth, insisting that the man who raped and killed Campbell's mother one year earlier is the same man who is terrorising her now. Campbell's boyfriend (Skeet Ulrich) becomes the prime suspect.

SCREAM 2: Away at college, Sidney thought she'd finally put the shocking murders that shattered her life behind her...until a copycat killer begins acting out a real-life sequel. Now, as history repeats itself, ambitious reporter Gale Weathers, Deputy Dewey (David Arquette) and other Scream survivors find themes trapped in a terrifyingly clever plotline where no one is safe--or beyond.

SCREAM 3: While Sidney lives in safely guarded seclusion, bodies begin dropping around the Hollywood set of Stab 3, the latest movie based on the gruesome Woodsboro killings. The escalating terror finally brings Sidney out of hiding, drawing her and the other survivors once again into an insidious game of horror.",products/2021/11/03/sss.png,6,1,2021-11-02 12:55:21.705746,7,1,5,2021-09-01,4,"DISTRIBUTOR
Paramount
ORIGINAL YEAR OF RELEASE
2021
COUNTRY OF ORIGIN
USA
RUN TIME (MINUTES)
347
LANGUAGE
Various Languages English
SUBTITLE LANGUAGE
English Captions Descriptive Subtitles For The Hearing Impaired Various Subtitles
AUDIO FORMAT
Stereo 2.0 DTS-HD Master Audio 5.1
ASPECT RATIO
2.35:1 16:9 Letterbox 2.39:1 16:9 Letterbox 2.40:1 16:9 Letterbox
BLU-RAY REGION
C B A
NUMBER OF DISCS
3
DIMENSIONS
135 x 171 x 13 mm",https://youtu.be/beToTslH17s,1,2021-11-02 16:20:03.336488,10.00,,,7.5,30,2
28,32,BLUEY: BABY RACE AND OTHER STORIES (VOLUME 12) (DVD),19.97,,"Bluey, Bingo and friends return with nine more thrilling stories.

On a family road trip, Dad tries to stay ahead of the grey nomads, but Bingo needs to stop for a bush wee. Its Easter day and Bluey and Bingo are convinced the Bunny has forgotten them until they find a clue. Grandad takes the girls on a madcap adventure into the bush. Mum tells the girls all about Bluey taking her first steps. And Bluey's new toy Bartlebee braves his first Heeler Christmas.",products/2021/11/03/baby_race.jpg,5,1,2021-11-02 13:08:14.696807,9,1,8,2021-09-09,1,"DISTRIBUTOR
BBC
ORIGINAL YEAR OF RELEASE
2021
COUNTRY OF ORIGIN
Australia
RUN TIME (MINUTES)
63
LANGUAGE
English
SUBTITLE LANGUAGE
English Captions Descriptive Subtitles For The Hearing Impaired
AUDIO FORMAT
Dolby Digital 5.1
ASPECT RATIO
1.78:1 16:9 Widescreen
VIDEO FORMAT
PAL
DVD REGION
4
NUMBER OF DISCS
1
DIMENSIONS
136 x 191 x 15 mm",https://youtu.be/I4zbnT9gd4o,1,2021-11-02 16:20:03.336488,10.00,,,2.0,32,1
29,33,BIG SCREEN BRITISH COMEDY (IMPRINT),119.97,50.00,"Three of the most popular and long-running BBC comedy series hit the BIG SCREEN in four film adaptations featuring the original casts Dad's Army, Steptoe and Son, Steptoe and Son Ride Again, Are You Being Served?

DAD'S ARMY (1971): Britain: 1939. Walmington-on-Sea. The defence of this tranquil coastal town is in the hands of bank manager Captain Mainwaring when he assembles a motley platoon to become the Home Guard.

STEPTOE AND SON (1972): The bright lights of the West End beckon for Harold when he marries a stripper, but his ever-resentful father tags along on their honeymoon bringing an end to wedded bliss.

STEPTOE AND SON RIDE AGAIN (1973): The Steptoe's loyal, but past-it horse must be sent off to the knacker's yard. Instead of buying a new nag, a drunken Harold blows their savings on a greyhound in the belief it will win them a fortune.

ARE YOU BEING SERVED? (1977): The staff of Grace Bros. Ladies and Gentlemen's department head to the sun-kissed shores of the Costa Plonka for the holiday of a lifetime while the store is redecorated.",products/2021/11/03/brith_comdy.jpg,4,1,2021-11-02 13:10:28.213379,3,1,7,2021-09-05,4,"DISTRIBUTOR
Madman Entertainment
ORIGINAL YEAR OF RELEASE
2021
COUNTRY OF ORIGIN
USA
RUN TIME (MINUTES)
388
LANGUAGE
English
NUMBER OF DISCS
4",https://youtu.be/PSKKG6jO6r8,0,2021-11-02 16:20:03.336488,10.00,,,4.0,33,1
30,34,HALIFAX F.P.: THE COMPLETE CASE FILES COLLECTION (DVD),102.97,,"The human mind is Jane Halifax's (Rebecca Gibney) expertise; as a forensic psychiatrist, she is called upon as an expert witness by the police, prosecution and defence alike. However, with a career which seeks out the truth amongst shadows and lies, Jane's world can become a mire of crime and punishment...sometimes all too easily.",products/2021/11/03/halifax.jpg,5,1,2021-11-02 13:13:24.389689,1,1,5,2021-11-01,1,"DISTRIBUTOR
Madman Entertainment
ORIGINAL YEAR OF RELEASE
2021
COUNTRY OF ORIGIN
Australia
RUN TIME (MINUTES)
1140
LANGUAGE
English
NUMBER OF DISCS
12",https://youtu.be/U2bcDFaLMY8,0,2021-11-02 16:20:03.336488,10.00,,,6.3,34,2
